{"cameraMode":{"drawMode":0,"name":"Shaded","section":"Shading Mode"},"sceneLighting":false,"audioPlay":false,"sceneViewState":{"m_AlwaysRefresh":false,"showFog":false,"showSkybox":false,"showFlares":false,"showImageEffects":false,"showParticleSystems":false,"showVisualEffectGraphs":true,"m_FxEnabled":true},"in2DMode":false,"pivot":{"x":0.27684682607650759,"y":1.0392251014709473,"z":-0.2730068564414978},"rotation":{"x":0.014770882204174996,"y":-0.9844643473625183,"z":0.1356077492237091,"w":0.11224489659070969},"size":0.9838979840278626,"orthographic":false}